film,year,lane,model verdict,your verdict (core / fits / weak / wrong)
"Interstellar",2014,"Hard Science Exploration Epic",core,
"Barbie",2023,"Fish-Out-of-Water Culture Comedies",fits,
"Barbie",2023,"Toys and Brands Come to Life",core,
"Fight Club",1999,"Fractured Psyche Thrillers",core,
"Parasite",2019,"Class Divide Dramas",core,
"The Truman Show",1998,"Rigged Reality Awakening",core,
"La La Land",2016,"Music-Scene Romance",core,
"La La Land",2016,"Show-Business Rise Musical",core,
"Obsession",2026,"Rigged Death Games",weak,
"Obsession",2026,"Wish-Gone-Wrong Fables",core,
"Spider-Man: Into the Spider-Verse",2018,"Animated Hero Origins",core,
"Spider-Man: Into the Spider-Verse",2018,"Marvel Superhero Universe",core,
"Joker",2019,"DC Superhero Universe",fits,
"Joker",2019,"Villain Origin Stories",core,
"Sinners",2025,"Vampire Bloodlines",fits,
"The Dark Knight",2008,"Costumed Vigilante Crime",core,
"The Dark Knight",2008,"DC Superhero Universe",core,
"Whiplash",2014,"Ambition Without Brakes",fits,
"Whiplash",2014,"Teacher-Student Mentorships",core,
"Get Out",2017,"Cult Indoctrination Horror",weak,
"Get Out",2017,"Paranoid Conspiracy Thriller",weak,
"Oppenheimer",2023,"Scientific Breakthrough Dramas",core,
"Pulp Fiction",1994,"Nonlinear Crime Anthology",core,
"Project Hail Mary",2026,"Cerebral First Contact",fits,
"Project Hail Mary",2026,"Hard Science Exploration Epic",core,
"The Odyssey",2026,"Mythic Gods Among Mortals",core,
"Inception",2010,"Heist Crew Caper",weak,
"Inception",2010,"Mind-Invasion Memory Puzzles",core,
"Dune",2021,"Space Opera",core,
"10 Things I Hate About You",1999,"Campus Hierarchy Comedies",fits,
"10 Things I Hate About You",1999,"Enemies to Lovers",weak,
"The Wolf of Wall Street",2013,"Ambition Without Brakes",core,
"The Wolf of Wall Street",2013,"Greed and Excess Satire",core,
"Spider-Man: Brand New Day",2026,"Marvel Superhero Universe",core,
"Knives Out",2019,"Comic Whodunits",core,
"Knives Out",2019,"Estranged Family Reunions",fits,
"Forrest Gump",1994,"Picaresque Life Chronicle",core,
"The Batman",2022,"Costumed Vigilante Crime",core,
"The Batman",2022,"DC Superhero Universe",core,
"Spider-Man: No Way Home",2021,"Marvel Superhero Universe",core,
"American Psycho",2000,"Fractured Psyche Thrillers",core,
"American Psycho",2000,"Greed and Excess Satire",weak,
"Everything Everywhere All at Once",2022,"Multiverse Identity Puzzle",core,
"Everything Everywhere All at Once",2022,"New Homeland Dramas",weak,
"Spider-Man: Across the Spider-Verse",2023,"Animated Hero Team-Ups",core,
"Spider-Man: Across the Spider-Verse",2023,"Multiverse Identity Puzzle",core,
"Ratatouille",2007,"Culinary Underdog Comedies",core,
"Dead Poets Society",1989,"Teacher-Student Mentorships",core,
"Avengers: Endgame",2019,"Marvel Superhero Universe",core,
"Avengers: Infinity War",2018,"Marvel Superhero Universe",core,
"Midsommar",2019,"Folk Horror Rituals",core,
"Spirited Away",2001,"Dreamworld Journeys",core,
"Spirited Away",2001,"Portal to Another World",core,
"Se7en",1995,"Serial Killer Procedural",core,
"Inglourious Basterds",2009,"Impossible Mission Squads",fits,
"Inglourious Basterds",2009,"Personal Revenge Thriller",weak,
"The Substance",2024,"Body Horror Transformation",core,
"The Substance",2024,"Macabre Deadpan Comedies",weak,
"Eternal Sunshine of the Spotless Mind",2004,"Mind-Invasion Memory Puzzles",core,
"Shutter Island",2010,"Fractured Psyche Thrillers",core,
"Dune: Part Two",2024,"Space Opera",core,
"The Perks of Being a Wallflower",2012,"Misfit & Outcast Adolescence",core,
"The Perks of Being a Wallflower",2012,"Wistful Teen Summers",core,
"Good Will Hunting",1997,"Earned, Not Given",fits,
"Good Will Hunting",1997,"Teacher-Student Mentorships",core,
"The Devil Wears Prada",2006,"Corporate Climbers",core,
"The Devil Wears Prada",2006,"Fish-Out-of-Water Culture Comedies",fits,
"Kill Bill: Vol. 1",2003,"Personal Revenge Thriller",core,
"Django Unchained",2012,"Frontier Revenge Trails",fits,
"Mean Girls",2004,"Campus Hierarchy Comedies",core,
"Titanic",1997,"Epic Disaster Romance",core,
"Titanic",1997,"Star-Crossed Class Romance",core,
"The Grand Budapest Hotel",2014,"Heist Crew Caper",fits,
"The Grand Budapest Hotel",2014,"Storybook Deadpan Ensembles",core,
"The Hunger Games",2012,"Dystopian Social Allegory",core,
"Inside Out",2015,"Fantastical Coming-of-Age",core,
"Spider-Man: Homecoming",2017,"Marvel Superhero Universe",core,
"(500) Days of Summer",2009,"Wistful Teen Summers",weak,
"The Shining",1980,"Inherited Curse Manors",weak,
"Superman",2025,"DC Superhero Universe",core,
"Black Swan",2010,"Mental Illness Character Studies",core,
"Guardians of the Galaxy",2014,"Marvel Superhero Universe",core,
"Guardians of the Galaxy",2014,"Space Opera",core,
"The Silence of the Lambs",1991,"Serial Killer Procedural",core,
"The Menu",2022,"Isolated Location Mystery",fits,
"The Menu",2022,"Macabre Deadpan Comedies",fits,
"Harry Potter and the Philosopher's Stone",2001,"Fantastical Coming-of-Age",core,
"Harry Potter and the Philosopher's Stone",2001,"Young Wizard Adventures",core,
"Weapons",2025,"Evil Children Horror",weak,
"Weapons",2025,"Small Town Buried Secret",fits,
"Once Upon a Time... in Hollywood",2019,"Hollywood Insider Drama",core,
"Gone Girl",2014,"Femme Fatale Seduction",weak,
"Harry Potter and the Prisoner of Azkaban",2004,"Hidden Magical Society",core,
"Harry Potter and the Prisoner of Azkaban",2004,"Young Wizard Adventures",core,
"Coco",2017,"Underworld and Afterlife Journey",core,
"Up",2009,"Fantastical Coming-of-Age",fits,
"Up",2009,"Late-Life Reckonings",fits,
"Call Me by Your Name",2017,"Queer Awakening & First Love",core,
"Call Me by Your Name",2017,"Wistful Teen Summers",core,
"Avatar",2009,"Alien World Survival Adventure",core,
"The Lord of the Rings: The Fellowship of the Ring",2001,"Epic Fantasy Quest",core,
"Lady Bird",2017,"Girlhood Portraits",core,
"Lady Bird",2017,"Wistful Teen Summers",core,
"Saltburn",2023,"Greed and Excess Satire",fits,
"Baby Driver",2017,"Getaway Driver Thriller",core,
"Baby Driver",2017,"Heist Gone Wrong",core,
"Backrooms",2026,"Cosmic Horror Dread",weak,
"Coraline",2009,"Dreamworld Journeys",core,
"Coraline",2009,"Fantastical Coming-of-Age",core,
"Marty Supreme",2025,"Underdog Sports Dramas",weak,
"The Shawshank Redemption",1994,"Incarceration Dignity Dramas",core,
"The Matrix",1999,"Cyberpunk Dystopian Underworld",core,
"The Matrix",1999,"Simulated Reality Mind-Bender",core,
"Black Panther",2018,"Marvel Superhero Universe",core,
"Black Panther",2018,"Royal Court Intrigue",fits,
"It",2017,"Fantastical Coming-of-Age",fits,
"It",2017,"Misfit & Outcast Adolescence",fits,
"Spider-Man: Far From Home",2019,"Marvel Superhero Universe",core,
"Deadpool & Wolverine",2024,"Genre Parody Spoofs",fits,
"Deadpool & Wolverine",2024,"Marvel Superhero Universe",core,
"Little Women",2019,"Girlhood Portraits",fits,
"Home Alone",1990,"Holiday Classics",core,
"Home Alone",1990,"Kids Outwit Grown-Ups",core,
"Glass Onion: A Knives Out Mystery",2022,"Comic Whodunits",core,
"Glass Onion: A Knives Out Mystery",2022,"Isolated Location Mystery",core,
"The Avengers",2012,"Marvel Superhero Universe",core,
"Fantastic Mr. Fox",2009,"Heist Crew Caper",core,
"Fantastic Mr. Fox",2009,"Talking Animal Kingdom Fable",fits,
"Shrek",2001,"Talking Animal Kingdom Fable",fits,
"Challengers",2024,"Divided Heart Romance",core,
"Challengers",2024,"Obsessive Rivalries",core,
"Deadpool",2016,"Genre Parody Spoofs",fits,
"Deadpool",2016,"Marvel Superhero Universe",core,
"The Notebook",2004,"Memory Erosion Dramas",core,
"The Notebook",2004,"Second-Chance Reunion Romance",fits,
"Back to the Future",1985,"Time-Travel Adventure Comedy",core,
"Spider-Man",2002,"Marvel Superhero Universe",core,
"The Godfather",1972,"Organized Crime Family Saga",core,
"The Godfather",1972,"Villain Origin Stories",weak,
"WALL·E",2008,"Human-Machine Bonds",core,
"Inside Out 2",2024,"Fantastical Coming-of-Age",core,
"The Drama",2026,"Wedding Season Comedies",fits,
"Wicked",2024,"Fantastical Coming-of-Age",core,
"Wicked",2024,"Hidden Magical Society",fits,
"Hereditary",2018,"Folk Horror Rituals",weak,
"Hereditary",2018,"Haunting and Loss",core,
"One Battle After Another",2025,"Vigilante Justice Reckoning",fits,
"The Social Network",2010,"Broken Friendship Dramas",core,
"The Social Network",2010,"Corporate Climbers",core,
"Iron Man",2008,"Marvel Superhero Universe",core,
"Star Wars",1977,"Space Opera",core,
"Avatar: The Way of Water",2022,"Alien World Survival Adventure",fits,
"Frankenstein",2025,"Sympathetic Monster Gothic",core,
"Toy Story",1995,"Mismatched Duo Capers",weak,
"Toy Story",1995,"Secret Lives of Objects",core,
"Howl's Moving Castle",2004,"Fantastical Coming-of-Age",core,
"Arrival",2016,"Cerebral First Contact",core,
"Nosferatu",2024,"Sympathetic Monster Gothic",core,
"Nosferatu",2024,"Vampire Bloodlines",core,
"Scott Pilgrim vs. the World",2010,"Video-Game World Adventures",weak,
"Harry Potter and the Goblet of Fire",2005,"Hidden Magical Society",core,
"Harry Potter and the Goblet of Fire",2005,"Young Wizard Adventures",core,
"Harry Potter and the Chamber of Secrets",2002,"Hidden Magical Society",core,
"Harry Potter and the Chamber of Secrets",2002,"Young Wizard Adventures",core,
"Catch Me If You Can",2002,"Con Artist Long Game",core,
"Catch Me If You Can",2002,"Obsessive Rivalries",fits,
"Poor Things",2023,"Fantastical Coming-of-Age",weak,
"Poor Things",2023,"Genetic and Cloning Ethics",fits,
"Soul",2020,"Underworld and Afterlife Journey",core,
"Tangled",2010,"Fairy-Tale Princess Musicals",core,
"Tangled",2010,"Fantastical Coming-of-Age",fits,
"Spider-Man 2",2004,"Marvel Superhero Universe",core,
"Anora",2024,"Star-Crossed Class Romance",core,
"Finding Nemo",2003,"Talking Animal Kingdom Fable",weak,
"Thor: Ragnarok",2017,"Marvel Superhero Universe",core,
"Monsters, Inc.",2001,"Mismatched Duo Capers",core,
"Don't Look Up",2021,"Allegories of Dread",core,
"Don't Look Up",2021,"Political and Media Satires",core,
"Taxi Driver",1976,"Fractured Psyche Thrillers",core,
"Taxi Driver",1976,"Veteran Homecoming Reckonings",fits,
"Captain America: Civil War",2016,"Marvel Superhero Universe",core,
"The Incredibles",2004,"Animated Hero Team-Ups",fits,
"Donnie Darko",2001,"Fractured Psyche Thrillers",core,
"Donnie Darko",2001,"Misfit & Outcast Adolescence",core,
"Twilight",2008,"Small-Town Slow-Burn Romance",fits,
"Twilight",2008,"Vampire Bloodlines",core,
"Us",2019,"Doppelganger Identity Horror",core,
"Little Miss Sunshine",2006,"Fractured Family Gatherings",fits,
"Little Miss Sunshine",2006,"Road Trip Reconciliations",fits,
"How to Lose a Guy in 10 Days",2003,"Enemies to Lovers",core,
"How to Lose a Guy in 10 Days",2003,"Gender Showdown Comedies",core,
"The Hunger Games: Catching Fire",2013,"Dystopian Social Allegory",core,
"Prisoners",2013,"Kidnap Ransom Thriller",core,
"The Lord of the Rings: The Return of the King",2003,"Epic Fantasy Quest",core,
"Star Wars: Episode III - Revenge of the Sith",2005,"Space Opera",core,
"Star Wars: Episode III - Revenge of the Sith",2005,"Villain Origin Stories",core,
"Jurassic Park",1993,"Rampaging Creature Attack",fits,
"The Lord of the Rings: The Two Towers",2002,"Epic Fantasy Quest",core,
"The Lord of the Rings: The Two Towers",2002,"Siege Under Fire",weak,
"Mickey 17",2025,"Alien World Survival Adventure",weak,
"Mickey 17",2025,"Genetic and Cloning Ethics",core,
"Superbad",2007,"Raunchy Rite-of-Passage Comedy",core,
"The Empire Strikes Back",1980,"Space Opera",core,
"Guardians of the Galaxy Vol. 2",2017,"Marvel Superhero Universe",core,
"Guardians of the Galaxy Vol. 2",2017,"Space Opera",core,
"No Country for Old Men",2007,"Revisionist Westerns",weak,
"Top Gun: Maverick",2022,"Modern Military Action",core,
"Batman Begins",2005,"Costumed Vigilante Crime",core,
"Batman Begins",2005,"DC Superhero Universe",core,
"Harry Potter and the Deathly Hallows: Part 2",2011,"Epic Fantasy Quest",core,
"Harry Potter and the Deathly Hallows: Part 2",2011,"Young Wizard Adventures",core,
"Bullet Train",2022,"Hitman Trying to Quit",fits,
"Bullet Train",2022,"Isolated Location Mystery",weak,
"Harry Potter and the Order of the Phoenix",2007,"Epic Fantasy Quest",weak,
"Harry Potter and the Order of the Phoenix",2007,"Young Wizard Adventures",core,
"Mamma Mia!",2008,"Wedding Season Comedies",fits,
"Guardians of the Galaxy Vol. 3",2023,"Marvel Superhero Universe",core,
"Guardians of the Galaxy Vol. 3",2023,"Space Opera",core,
"The Amazing Spider-Man",2012,"Marvel Superhero Universe",core,
"The Fantastic 4: First Steps",2025,"Marvel Superhero Universe",core,
"Jojo Rabbit",2019,"Hard-Knock Adolescence",fits,
"GoodFellas",1990,"Organized Crime Family Saga",core,
"Scream",1996,"Whodunit Slasher Mysteries",core,
"Blade Runner 2049",2017,"Sci-Fi Noir Investigation",core,
"Wake Up Dead Man: A Knives Out Mystery",2025,"Comic Whodunits",core,
"Gladiator",2000,"Personal Revenge Thriller",fits,
"Gladiator",2000,"Sword-and-Sandal Epics",core,
"Avengers: Age of Ultron",2015,"Marvel Superhero Universe",core,
"Her",2013,"Near-Future Intimacy",core,
"Doctor Strange in the Multiverse of Madness",2022,"Marvel Superhero Universe",core,
"Doctor Strange in the Multiverse of Madness",2022,"Multiverse Identity Puzzle",core,
"Pride & Prejudice",2005,"Star-Crossed Class Romance",core,
"Doctor Strange",2016,"Hidden Magical Society",fits,
"Doctor Strange",2016,"Marvel Superhero Universe",core,
"The Dark Knight Rises",2012,"Costumed Vigilante Crime",fits,
"The Dark Knight Rises",2012,"DC Superhero Universe",core,
"Captain America: The Winter Soldier",2014,"Marvel Superhero Universe",core,
"Captain America: The Winter Soldier",2014,"Paranoid Conspiracy Thriller",core,
"Mad Max: Fury Road",2015,"Post-Apocalyptic Wasteland Journey",core,
"Harry Potter and the Half-Blood Prince",2009,"Epic Fantasy Quest",fits,
"Harry Potter and the Half-Blood Prince",2009,"Hidden Magical Society",core,
"The Lion King",1994,"Talking Animal Kingdom Fable",core,
"Zootopia",2016,"Mismatched Duo Capers",core,
"Zootopia",2016,"Talking Animal Kingdom Fable",fits,
"Harry Potter and the Deathly Hallows: Part 1",2010,"Epic Fantasy Quest",core,
"Harry Potter and the Deathly Hallows: Part 1",2010,"Young Wizard Adventures",core,
"Shrek 2",2004,"Talking Animal Kingdom Fable",fits,
"The Hangover",2009,"Bachelor Party Misadventures",core,
"The Prestige",2006,"Obsessive Rivalries",core,
"Memento",2000,"Fractured Psyche Thrillers",core,
"Memento",2000,"Personal Revenge Thriller",core,
"Nope",2022,"Cosmic Horror Dread",weak,
"Nope",2022,"Rampaging Creature Attack",weak,
"Zodiac",2007,"Cold Case Reopened",core,
"Zodiac",2007,"Serial Killer Procedural",core,
"Pirates of the Caribbean: The Curse of the Black Pearl",2003,"Swashbuckling Pirate Adventure",core,
"Pearl",2022,"Villain Origin Stories",core,
"Captain America: The First Avenger",2011,"Marvel Superhero Universe",core,
"My Neighbor Totoro",1988,"Dreamworld Journeys",weak,
"My Neighbor Totoro",1988,"Guardian Spirit Companion",core,
"Cars",2006,"Motorsport Dramas",weak,
"Star Wars: Episode I - The Phantom Menace",1999,"Space Opera",core,
"F1",2025,"Motorsport Dramas",core,
"F1",2025,"Underdog Sports Dramas",weak,
"Bugonia",2025,"Held Captive Thrillers",core,
"Thunderbolts*",2025,"Marvel Superhero Universe",core,
"How to Train Your Dragon",2010,"Creature Companion Adventures",core,
"The Breakfast Club",1985,"Campus Hierarchy Comedies",core,
"The Breakfast Club",1985,"Wistful Teen Summers",weak,
"Drive",2011,"Getaway Driver Thriller",core,
"A Quiet Place",2018,"Rampaging Creature Attack",weak,
"Anyone But You",2023,"Enemies to Lovers",core,
"The Conjuring",2013,"Haunted Family Home",core,
"The Conjuring",2013,"Paranormal Investigators",core,
"Clueless",1995,"Campus Hierarchy Comedies",core,
"Clueless",1995,"Matchmaking Scheme Romance",core,
"Dunkirk",2017,"Siege Under Fire",fits,
"Dunkirk",2017,"Wartime Endurance",core,
"The Hunger Games: The Ballad of Songbirds & Snakes",2023,"Dystopian Social Allegory",core,
"The Hunger Games: The Ballad of Songbirds & Snakes",2023,"Villain Origin Stories",core,
"Alien",1979,"Claustrophobic Space Horror",core,
"Conclave",2024,"Faith and Doubt Dramas",fits,
"Conclave",2024,"Paranoid Conspiracy Thriller",weak,
"Charlie and the Chocolate Factory",2005,"Whimsical Feel-Good Fables",fits,
"1917",2019,"WWI Trench Ordeal",core,
"Return of the Jedi",1983,"Space Opera",core,
"John Wick",2014,"Personal Revenge Thriller",core,
"Iron Man 2",2010,"Marvel Superhero Universe",core,
"The Nightmare Before Christmas",1993,"Holiday Classics",fits,
"The Nightmare Before Christmas",1993,"Sympathetic Monster Gothic",fits,
"Star Wars: The Force Awakens",2015,"Space Opera",core,
"Kill Bill: Vol. 2",2004,"Personal Revenge Thriller",core,
"Zootopia 2",2025,"Mismatched Duo Capers",core,
"Zootopia 2",2025,"Talking Animal Kingdom Fable",fits,
"Legally Blonde",2001,"Campus Hierarchy Comedies",fits,
"Puss in Boots: The Last Wish",2022,"Fantastical Coming-of-Age",weak,
"Frozen",2013,"Fairy-Tale Princess Musicals",core,
"The Martian",2015,"Astronaut Isolation Odyssey",core,
"The Martian",2015,"Hard Science Exploration Epic",core,
"Split",2017,"Fractured Psyche Thrillers",core,
"Bohemian Rhapsody",2018,"Music Fame Biopic",core,
"KPop Demon Hunters",2025,"Animated Hero Team-Ups",fits,
"Nightcrawler",2014,"Ambition Without Brakes",core,
"Spider-Man 3",2007,"Marvel Superhero Universe",core,
"Corpse Bride",2005,"Sympathetic Monster Gothic",fits,
"Corpse Bride",2005,"Underworld and Afterlife Journey",core,
"Star Wars: Episode II - Attack of the Clones",2002,"Space Opera",core,
"Tenet",2020,"Doomsday Countdown Thriller",weak,
"Deadpool 2",2018,"Marvel Superhero Universe",core,
"Toy Story 3",2010,"Secret Lives of Objects",core,
"13 Going on 30",2004,"Body-Swap Comedies",weak,
"Longlegs",2024,"Serial Killer Procedural",core,
"Moana",2016,"Mythic Voyage Legends",core,
"Ant-Man",2015,"Marvel Superhero Universe",core,
"Iron Man 3",2013,"Marvel Superhero Universe",core,
"Thor",2011,"Marvel Superhero Universe",core,
"Past Lives",2023,"Divided Heart Romance",core,
"Past Lives",2023,"Second-Chance Reunion Romance",core,
"Michael",2026,"Music Fame Biopic",core,
"The Hunger Games: Mockingjay - Part 1",2014,"Dystopian Social Allegory",core,
"Captain Marvel",2019,"Marvel Superhero Universe",core,
"The Super Mario Bros. Movie",2023,"Video-Game World Adventures",core,
"Big Hero 6",2014,"Animated Hero Origins",core,
"Big Hero 6",2014,"Human-Machine Bonds",core,
"Jaws",1975,"Rampaging Creature Attack",core,
"Edward Scissorhands",1990,"Fantastical Coming-of-Age",fits,
"The Amazing Spider-Man 2",2014,"Marvel Superhero Universe",core,
"Beautiful Boy",2018,"Getting Clean",fits,
"Princess Mononoke",1997,"Epic Fantasy Quest",core,
"Scarface",1983,"Organized Crime Family Saga",core,
"Kung Fu Panda",2008,"Kung Fu Training Quest",core,
"Toy Story 2",1999,"Secret Lives of Objects",core,
"Uncut Gems",2019,"Ambition Without Brakes",core,
"Jennifer's Body",2009,"Demonic Possession Ordeal",fits,
"Jennifer's Body",2009,"Macabre Deadpan Comedies",weak,
"Requiem for a Dream",2000,"Mental Illness Character Studies",fits,
"The Maze Runner",2014,"Dystopian Social Allegory",weak,
"X",2022,"Backwoods Terror",fits,
"Suicide Squad",2016,"DC Superhero Universe",core,
"Black Widow",2021,"Marvel Superhero Universe",core,
"Crazy, Stupid, Love.",2011,"Infidelity Dramas",core,
"The Housemaid",2025,"Sinister Caregiver Thriller",core,
"Wonka",2023,"Whimsical Feel-Good Fables",fits,
"The Departed",2006,"Undercover Infiltration Thriller",core,
"12 Angry Men",1957,"Legal Courtroom Battle",core,
"Thor: Love and Thunder",2022,"Marvel Superhero Universe",core,
"Hamnet",2025,"Grief and Mourning",core,
